広告,購入
B,しなかった
B,しなかった
A,した
A,した
B,しなかった
B,しなかった
B,しなかった
B,しなかった
B,した
B,しなかった
A,しなかった
B,しなかった
B,しなかった
B,しなかった
B,しなかった
A,しなかった
B,しなかった
A,しなかった
A,しなかった
A,しなかった
A,しなかった
B,しなかった
A,しなかった
B,しなかった
A,した
B,しなかった
B,しなかった
A,しなかった
A,しなかった
A,しなかった
A,しなかった
B,しなかった
B,しなかった
B,しなかった
B,しなかった
B,しなかった
A,しなかった
A,しなかった
A,しなかった
B,しなかった
A,しなかった
A,しなかった
A,しなかった
A,しなかった
B,しなかった
B,した
A,しなかった
B,しなかった
A,しなかった
A,しなかった
B,しなかった
B,しなかった
A,した
B,しなかった
A,しなかった
B,しなかった
B,しなかった
A,しなかった
B,しなかった
B,しなかった
A,しなかった
B,した
B,しなかった
A,しなかった
B,しなかった
A,しなかった
B,した
B,しなかった
B,しなかった
B,しなかった
A,しなかった
B,しなかった
B,しなかった
A,した
B,しなかった
A,しなかった
A,しなかった
B,しなかった
B,しなかった
B,した
A,しなかった
A,しなかった
A,しなかった
B,しなかった
A,しなかった
A,しなかった
B,しなかった
B,した
B,した
A,しなかった
B,しなかった
B,しなかった
A,しなかった
A,しなかった
A,しなかった
A,しなかった
B,しなかった
B,しなかった
A,しなかった
B,しなかった
B,しなかった
B,しなかった
B,しなかった
B,しなかった
A,しなかった
A,した
A,しなかった
A,しなかった
A,しなかった
B,しなかった
B,しなかった
B,しなかった
B,しなかった
A,しなかった
B,しなかった
B,した
B,しなかった
B,しなかった
A,しなかった
B,しなかった
B,しなかった
A,しなかった
A,しなかった
A,しなかった
A,しなかった
A,しなかった
A,しなかった
A,しなかった
B,しなかった
A,しなかった
A,しなかった
B,しなかった
A,しなかった
A,した
B,しなかった
B,しなかった
A,しなかった
B,した
B,しなかった
A,しなかった
A,しなかった
A,しなかった
A,しなかった
B,しなかった
B,しなかった
B,しなかった
A,しなかった
B,しなかった
A,しなかった
B,した
A,しなかった
B,しなかった
A,しなかった
A,しなかった
A,しなかった
B,しなかった
B,しなかった
B,した
B,しなかった
B,しなかった
B,しなかった
A,しなかった
B,しなかった
B,しなかった
B,しなかった
B,しなかった
B,しなかった
B,しなかった
B,しなかった
A,しなかった
A,しなかった
B,しなかった
B,しなかった
B,しなかった
B,しなかった
B,しなかった
B,しなかった
B,しなかった
A,しなかった
B,しなかった
A,しなかった
B,しなかった
B,しなかった
B,しなかった
A,しなかった
A,しなかった
A,しなかった
B,しなかった
B,しなかった
B,しなかった
B,しなかった
A,しなかった
A,しなかった
B,しなかった
B,しなかった
B,しなかった
B,しなかった
B,しなかった
A,しなかった
A,しなかった
A,しなかった
B,しなかった
B,しなかった
B,しなかった
A,しなかった
A,しなかった
B,しなかった
B,しなかった
B,しなかった
A,しなかった
B,しなかった
B,しなかった
B,しなかった
B,しなかった
B,しなかった
B,しなかった
A,しなかった
B,しなかった
B,しなかった
B,した
A,しなかった
A,しなかった
B,しなかった
B,しなかった
B,しなかった
B,しなかった
B,しなかった
A,しなかった
B,した
A,しなかった
B,しなかった
B,しなかった
B,しなかった
B,しなかった
B,しなかった
A,しなかった
A,しなかった
B,しなかった
B,しなかった
B,しなかった
B,しなかった
B,しなかった
A,しなかった
B,しなかった
B,しなかった
A,しなかった
B,しなかった
A,しなかった
A,しなかった
B,しなかった
B,しなかった
A,した
A,しなかった
B,しなかった
B,しなかった
A,しなかった
B,しなかった
B,しなかった
A,しなかった
A,しなかった
B,しなかった
B,しなかった
B,しなかった
A,しなかった
B,しなかった
A,しなかった
A,しなかった
B,しなかった
B,しなかった
A,しなかった
A,しなかった
B,した
B,しなかった
B,しなかった
B,しなかった
A,しなかった
B,しなかった
B,した
B,しなかった
B,しなかった
B,しなかった
B,した
A,しなかった
B,しなかった
B,しなかった
A,しなかった
A,しなかった
B,しなかった
B,しなかった
B,しなかった
B,しなかった
A,しなかった
A,した
A,しなかった
A,した
B,しなかった
B,しなかった
B,しなかった
B,しなかった
A,しなかった
A,しなかった
B,しなかった
A,しなかった
B,しなかった
A,しなかった
B,しなかった
A,しなかった
B,しなかった
A,しなかった
B,しなかった
A,しなかった
B,しなかった
A,しなかった
B,しなかった
A,しなかった
B,した
A,しなかった
B,しなかった
B,しなかった
A,しなかった
B,しなかった
A,しなかった
B,しなかった
B,しなかった
A,しなかった
B,しなかった
B,しなかった
A,しなかった
B,しなかった
B,しなかった
A,しなかった
A,した
A,しなかった
B,した
B,しなかった
B,しなかった
A,しなかった
B,しなかった
A,しなかった
A,しなかった
B,しなかった
B,しなかった
A,した
B,しなかった
B,しなかった
A,しなかった
B,した
B,しなかった
A,しなかった
B,しなかった
B,しなかった
A,しなかった
A,しなかった
B,しなかった
B,しなかった
B,しなかった
A,した
A,した
B,しなかった
B,しなかった
B,しなかった
B,しなかった
B,しなかった
B,しなかった
A,しなかった
A,しなかった
B,しなかった
B,しなかった
B,しなかった
B,しなかった
B,しなかった
A,しなかった
B,しなかった
B,しなかった
A,した
A,しなかった
A,しなかった
B,しなかった
A,しなかった
B,しなかった
A,しなかった
B,しなかった
B,しなかった
B,しなかった
B,しなかった
B,しなかった
A,しなかった
A,した
B,しなかった
B,しなかった
B,しなかった
B,した
B,しなかった
B,しなかった
B,しなかった
A,しなかった
A,しなかった
B,しなかった
B,しなかった
B,しなかった
A,しなかった
A,しなかった
B,しなかった
A,しなかった
B,しなかった
A,しなかった
B,しなかった
B,した
A,しなかった
B,しなかった
B,した
A,しなかった
A,しなかった
B,しなかった
B,しなかった
B,しなかった
B,しなかった
B,しなかった
B,しなかった
A,しなかった
A,しなかった
A,しなかった
B,しなかった
A,した
B,しなかった
B,しなかった
A,しなかった
B,しなかった
A,しなかった
B,しなかった
B,しなかった
B,しなかった
B,しなかった
A,しなかった
B,しなかった
B,しなかった
B,しなかった
A,しなかった
A,しなかった
B,した
B,しなかった
B,しなかった
A,した
B,しなかった
B,しなかった
A,しなかった
B,しなかった
B,しなかった
A,しなかった
A,しなかった
B,しなかった
B,しなかった
B,しなかった
A,しなかった
B,しなかった
A,した
A,しなかった
B,しなかった
B,しなかった
A,した
A,しなかった
B,しなかった
B,しなかった
B,しなかった
A,しなかった
A,しなかった
B,した
A,しなかった
B,しなかった
B,しなかった
A,しなかった
B,した
B,した
B,しなかった
B,しなかった
B,しなかった
A,しなかった
B,しなかった
A,しなかった
A,しなかった
B,した
A,しなかった
A,しなかった
A,した
B,しなかった
B,しなかった
B,しなかった
A,しなかった
B,しなかった
B,した
B,しなかった
B,しなかった
A,しなかった
B,しなかった
B,しなかった
A,しなかった
B,しなかった
A,しなかった
A,しなかった
B,しなかった
B,しなかった
B,しなかった
A,しなかった
B,しなかった
A,しなかった
B,しなかった
B,しなかった
B,しなかった
A,しなかった
B,しなかった
A,しなかった
B,しなかった
B,しなかった
A,した
B,しなかった
A,しなかった
B,しなかった
B,しなかった
B,しなかった
A,しなかった
B,しなかった
B,した
B,しなかった
A,しなかった
A,しなかった
B,しなかった
B,しなかった
A,しなかった
A,しなかった
A,しなかった
B,しなかった
B,しなかった
A,しなかった
B,した
B,しなかった
B,しなかった
A,しなかった
A,しなかった
A,した
A,しなかった
B,しなかった
B,しなかった
B,しなかった
B,した
B,しなかった
B,しなかった
B,しなかった
B,しなかった
A,しなかった
B,した
B,した
B,しなかった
B,しなかった
B,しなかった
B,しなかった
B,しなかった
B,しなかった
B,しなかった
A,した
B,しなかった
A,しなかった
B,しなかった
A,しなかった
B,しなかった
B,しなかった
A,しなかった
A,しなかった
A,しなかった
B,しなかった
A,しなかった
B,した
B,しなかった
B,した
B,しなかった
B,した
B,しなかった
A,しなかった
A,しなかった
A,しなかった
B,しなかった
A,しなかった
B,しなかった
A,しなかった
B,しなかった
B,しなかった
B,しなかった
B,しなかった
B,しなかった
B,しなかった
B,しなかった
A,しなかった
B,しなかった
B,しなかった
B,しなかった
B,しなかった
B,しなかった
B,しなかった
B,しなかった
B,しなかった
B,しなかった
B,しなかった
B,しなかった
B,しなかった
B,しなかった
B,しなかった
B,した
A,した
A,しなかった
B,しなかった
A,しなかった
B,しなかった
A,しなかった
B,しなかった
A,しなかった
B,しなかった
A,しなかった
B,しなかった
A,しなかった
A,しなかった
A,した
B,した
A,しなかった
B,しなかった
B,しなかった
B,しなかった
B,しなかった
A,した
A,しなかった
B,しなかった
B,しなかった
B,しなかった
A,しなかった
B,しなかった
B,しなかった
A,しなかった
A,しなかった
B,しなかった
A,しなかった
B,しなかった
A,しなかった
B,しなかった
A,しなかった
B,しなかった
A,しなかった
B,しなかった
A,しなかった
B,しなかった
B,しなかった
B,しなかった
B,しなかった
B,しなかった
B,しなかった
B,した
B,しなかった
A,しなかった
A,した
B,しなかった
B,しなかった
A,しなかった
B,しなかった
B,しなかった
A,しなかった
A,しなかった
A,しなかった
B,しなかった
B,しなかった
B,しなかった
A,しなかった
A,しなかった
A,しなかった
A,しなかった
B,しなかった
B,しなかった
B,しなかった
A,しなかった
B,しなかった
B,しなかった
A,しなかった
A,した
B,しなかった
A,しなかった
B,しなかった
B,しなかった
B,しなかった
A,した
A,しなかった
A,しなかった
A,しなかった
B,しなかった
A,しなかった
B,しなかった
B,しなかった
B,しなかった
B,しなかった
B,しなかった
B,しなかった
A,しなかった
A,しなかった
B,しなかった
A,しなかった
A,した
B,しなかった
B,しなかった
B,した
B,しなかった
B,しなかった
A,しなかった
A,しなかった
B,しなかった
B,した
B,しなかった
B,しなかった
A,しなかった
B,しなかった
B,しなかった
B,しなかった
A,しなかった
B,しなかった
A,しなかった
B,しなかった
B,しなかった
A,しなかった
B,しなかった
B,しなかった
A,しなかった
B,しなかった
A,しなかった
A,しなかった
B,しなかった
A,しなかった
A,しなかった
A,しなかった
B,した
A,しなかった
A,しなかった
A,しなかった
A,した
A,しなかった
A,しなかった
A,しなかった
B,しなかった
A,しなかった
B,しなかった
A,しなかった
A,しなかった
B,しなかった
B,しなかった
A,しなかった
B,しなかった
A,しなかった
A,しなかった
B,しなかった
B,しなかった
B,した
A,しなかった
A,しなかった
A,しなかった
A,した
B,しなかった
B,した
B,しなかった
B,しなかった
A,しなかった
A,しなかった
A,した
B,しなかった
A,しなかった
B,しなかった
A,しなかった
B,しなかった
B,しなかった
B,しなかった
B,しなかった
B,しなかった
B,しなかった
B,しなかった
A,しなかった
A,しなかった
A,しなかった
A,しなかった
B,した
A,した
B,した
B,しなかった
B,しなかった
B,しなかった
B,しなかった
B,しなかった
B,しなかった
B,しなかった
B,しなかった
B,しなかった
A,した
A,しなかった
A,しなかった
B,しなかった
B,しなかった
A,しなかった
A,した
B,しなかった
B,しなかった
B,しなかった
B,しなかった
B,しなかった
A,しなかった
B,しなかった
B,しなかった
A,しなかった
B,しなかった
A,しなかった
A,しなかった
B,しなかった
A,しなかった
B,しなかった
B,しなかった
B,しなかった
B,しなかった
B,しなかった
B,しなかった
A,しなかった
B,しなかった
B,しなかった
A,しなかった
A,しなかった
A,しなかった
B,しなかった
B,しなかった
A,しなかった
A,しなかった
B,しなかった
A,した
A,しなかった
B,しなかった
B,しなかった
A,しなかった
B,した
B,しなかった
A,しなかった
A,しなかった
A,した
B,しなかった
A,しなかった
A,しなかった
A,しなかった
A,しなかった
A,しなかった
B,しなかった
B,しなかった
B,しなかった
A,しなかった
A,した
B,しなかった
A,しなかった
A,しなかった
B,しなかった
B,しなかった
B,しなかった
A,しなかった
B,しなかった
B,しなかった
B,しなかった
B,しなかった
A,しなかった
A,しなかった
B,しなかった
A,しなかった
A,しなかった
A,しなかった
B,しなかった
A,しなかった
A,しなかった
A,しなかった
B,しなかった
A,しなかった
B,しなかった
B,しなかった
A,しなかった
B,しなかった
A,しなかった
A,しなかった
B,しなかった
B,しなかった
A,しなかった
A,しなかった
A,しなかった
B,しなかった
A,しなかった
B,しなかった
B,しなかった
B,しなかった
B,しなかった
B,しなかった
A,した
A,しなかった
A,しなかった
B,した
B,しなかった
B,しなかった
A,しなかった
B,しなかった
B,しなかった
B,しなかった
B,しなかった
B,しなかった
A,しなかった
A,しなかった
B,しなかった
B,しなかった
B,しなかった
B,しなかった
B,しなかった
B,しなかった
A,しなかった
B,しなかった
A,した
B,しなかった
A,しなかった
A,しなかった
A,しなかった
A,しなかった
A,しなかった
B,しなかった
B,しなかった
A,した
B,しなかった
B,しなかった
B,しなかった
B,しなかった
A,しなかった
B,しなかった
B,しなかった
B,しなかった
B,しなかった
B,しなかった
B,しなかった
A,しなかった
B,しなかった
B,しなかった
B,しなかった
A,しなかった
A,しなかった
B,しなかった
A,した
A,しなかった
A,しなかった
A,しなかった
B,しなかった
B,した
B,しなかった
B,した
B,しなかった
B,しなかった
B,しなかった
B,しなかった
B,しなかった
B,しなかった
A,した
B,しなかった
A,しなかった
A,しなかった
B,しなかった
B,しなかった
A,しなかった
A,しなかった
B,しなかった
B,しなかった
A,しなかった
B,しなかった
A,しなかった
B,しなかった
B,しなかった
B,しなかった
A,しなかった
B,しなかった
A,しなかった
B,しなかった
A,しなかった
A,しなかった
B,した
B,しなかった
A,した
B,しなかった
B,しなかった
B,しなかった
A,しなかった
A,しなかった
B,しなかった
B,しなかった
A,した
B,しなかった
A,しなかった
B,しなかった
A,した
A,しなかった
B,しなかった
B,しなかった
B,しなかった
B,しなかった
B,しなかった
A,した
